{"cameraMode":{"drawMode":0,"name":"Shaded","section":"Shading Mode"},"sceneLighting":true,"audioPlay":false,"sceneViewState":{"showFog":true,"showMaterialUpdate":false,"showSkybox":false,"showFlares":true,"showImageEffects":true,"showParticleSystems":true},"in2DMode":false,"pivot":{"x":41.069374084472659,"y":-47.908424377441409,"z":-92.3118896484375},"rotation":{"x":-0.18115079402923585,"y":0.8088673949241638,"z":-0.3186781108379364,"w":-0.4597817361354828},"size":78.37532043457031,"orthographic":false}