{"cameraMode":{"drawMode":0,"name":"Shaded","section":"Shading Mode"},"sceneLighting":false,"audioPlay":false,"sceneViewState":{"showFog":true,"showMaterialUpdate":false,"showSkybox":false,"showFlares":true,"showImageEffects":true,"showParticleSystems":true},"in2DMode":false,"pivot":{"x":52.16295623779297,"y":-92.13899230957031,"z":143.03883361816407},"rotation":{"x":-0.10969188064336777,"y":0.6307680606842041,"z":-0.09068982303142548,"w":-0.7628329992294312},"size":31.28621482849121,"orthographic":false}