{"cameraMode":{"drawMode":0,"name":"Shaded","section":"Shading Mode"},"sceneLighting":false,"audioPlay":false,"sceneViewState":{"showFog":true,"showMaterialUpdate":false,"showSkybox":false,"showFlares":true,"showImageEffects":true,"showParticleSystems":true},"in2DMode":false,"pivot":{"x":649.2101440429688,"y":804.2828979492188,"z":10.952181816101075},"rotation":{"x":0.01680839993059635,"y":0.011994107626378537,"z":-0.00020102737471461296,"w":0.9997967481613159},"size":2166.628662109375,"orthographic":false}