{"cameraMode":{"drawMode":0,"name":"Shaded","section":"Shading Mode"},"sceneLighting":false,"audioPlay":false,"sceneViewState":{"showFog":true,"showMaterialUpdate":false,"showSkybox":false,"showFlares":true,"showImageEffects":true,"showParticleSystems":true},"in2DMode":false,"pivot":{"x":0.45869627594947817,"y":1.8974453210830689,"z":-2.000880479812622},"rotation":{"x":-0.0003490226517897099,"y":0.9988235235214233,"z":0.007181443739682436,"w":0.048281505703926089},"size":8.627455711364746,"orthographic":false}